<?xml version='1.0' encoding='utf-8'?>
<!DOCTYPE hibernate-configuration PUBLIC
        "-//Hibernate/Hibernate Configuration DTD//EN"
        "http://www.hibernate.org/dtd/hibernate-configuration-3.0.dtd">
<hibernate-configuration>
    <session-factory>

        <!-- This file contains installation specific properties used by the -->
        <!-- HibernateUtils class.  Applications should place this file in  -->
        <!-- the root of their class path with appropriate production values. -->

        <!-- Tug database connection URL and credentials -->
        <property name="connection.url">jdbc:mysql://localhost:3306/stocks</property>
        <property name="connection.driver_class">com.mysql.jdbc.Driver</property>
        <property name="hibernate.dialect">org.hibernate.dialect.MySQLDialect</property>
        <property name="hibernate.current_session_context_class">thread</property>


        <property name="hibernate.connection.username">monty</property>
        <property name="hibernate.connection.password">some_pass</property>
        <property name="show_sql">true</property>

        <mapping class="com.origamisoftware.teach.advanced.databaseModel.LinkedStock"/>
        <mapping class="com.origamisoftware.teach.advanced.databaseModel.Person"/>
        <mapping class="com.origamisoftware.teach.advanced.databaseModel.Quote"/>
        <mapping class="com.origamisoftware.teach.advanced.databaseModel.Symbol"/>


    </session-factory>
</hibernate-configuration>
